{
  "bimanual_dual_push_buttons": {
    "R": [
      [
        0.9341038034872169,
        0.14962088523282313,
        -0.3241352727070308
      ],
      [
        -0.1227973523946544,
        0.9871959686293248,
        0.10180829910607653
      ],
      [
        0.3352176823432468,
        -0.05529656611540765,
        0.9405165576534347
      ]
    ],
    "t": [
      -0.007329940177389839,
      0.036648288900215584,
      0.045403031984544415
    ]
  },
  "bimanual_handover_item": {
    "R": [
      [
        0.9361159766087912,
        0.31472780636250575,
        0.1569499482001003
      ],
      [
        -0.32394406799943387,
        0.9453756799244701,
        0.03640143699531463
      ],
      [
        -0.13692011957980188,
        -0.08491897143507325,
        0.9869354837803036
      ]
    ],
    "t": [
      0.004404839503928323,
      0.04885354039124033,
      -0.029363734536752985
    ]
  },
  "bimanual_handover_item_easy": {
    "R": [
      [
        0.9790017788895878,
        0.13851359887511341,
        -0.14956436693840777
      ],
      [
        -0.15700058938721378,
        0.9803050727051121,
        -0.11980308577283107
      ],
      [
        0.13002435103891116,
        0.14076912784871903,
        0.9814671266943283
      ]
    ],
    "t": [
      0.021592513828131543,
      0.03509794169136431,
      -0.02124499226536052
    ]
  },
  "bimanual_lift_ball": {
    "R": [
      [
        0.9658372256241858,
        0.19223716755244322,
        0.17379103834775095
      ],
      [
        -0.20928969871962855,
        0.9740969763905775,
        0.08563236886004022
      ],
      [
        -0.15282760093786293,
        -0.11907960361938039,
        0.9810523800457489
      ]
    ],
    "t": [
      -0.019882597996374297,
      0.005316781716980433,
      -0.01370905000581616
    ]
  },
  "bimanual_lift_tray": {
    "R": [
      [
        0.9997950974455794,
        0.006229530426385655,
        -0.01926022000007691
      ],
      [
        -0.009969618354917416,
        0.9796067036282138,
        -0.20067713600837103
      ],
      [
        0.017617316300785456,
        0.2008280337934216,
        0.9794680857531941
      ]
    ],
    "t": [
      -0.012367415720674103,
      0.016780093775905003,
      0.02574912368196121
    ]
  },
  "bimanual_pick_laptop": {
    "R": [
      [
        0.9905705062467435,
        -0.1203685339513353,
        -0.06543308175897218
      ],
      [
        0.13217245286367982,
        0.9653173972163822,
        0.22515053927403253
      ],
      [
        0.03606265184464993,
        -0.23167593458491878,
        0.9721243472293737
      ]
    ],
    "t": [
      0.00823202861522828,
      -0.004203032401234277,
      0.0067421056685571384
    ]
  },
  "bimanual_pick_plate": {
    "R": [
      [
        0.961525495541141,
        -0.1668408494995266,
        -0.21824951858512737
      ],
      [
        0.2278509196541295,
        0.9281558556404953,
        0.2942969011950816
      ],
      [
        0.15346882366503942,
        -0.3327023272815153,
        0.9304603600284821
      ]
    ],
    "t": [
      0.036737488388546055,
      -0.024566053343278993,
      0.02482696832131473
    ]
  },
  "bimanual_push_box": {
    "R": [
      [
        0.9741564001062011,
        -0.21056933409163825,
        0.08173043296307066
      ],
      [
        0.21017016563666108,
        0.9775708524682857,
        0.01355469957939511
      ],
      [
        -0.0827514930885565,
        0.003972901286620003,
        0.9965622943132965
      ]
    ],
    "t": [
      -0.016032173077913117,
      -0.04648623154943591,
      -0.030413381317274314
    ]
  },
  "bimanual_put_bottle_in_fridge": {
    "R": [
      [
        0.9482476526556485,
        0.03853351298154317,
        -0.3151849577793236
      ],
      [
        -0.06533640434238536,
        0.9950470995743669,
        -0.07491611239411908
      ],
      [
        0.3107370970783197,
        0.09163207956791768,
        0.9460687176380994
      ]
    ],
    "t": [
      0.016915330665237774,
      0.037831566885941734,
      0.003405070405924082
    ]
  },
  "bimanual_put_item_in_drawer": {
    "R": [
      [
        0.9871349155331878,
        0.08287936481208459,
        -0.13673210823954857
      ],
      [
        -0.040169453151012426,
        0.9562902189552702,
        0.28964708209134427
      ],
      [
        0.15476134391001795,
        -0.2804282938985057,
        0.947316683275629
      ]
    ],
    "t": [
      -0.029311371525370236,
      -0.016573347709248988,
      -0.04774123767416399
    ]
  },
  "bimanual_straighten_rope": {
    "R": [
      [
        0.9750492169365851,
        -0.21656861212155226,
        0.048755110451079026
      ],
      [
        0.22146516149895826,
        0.9339218250380604,
        -0.2806122003046535
      ],
      [
        0.015238333031949897,
        0.2844082645798523,
        0.9585821468424519
      ]
    ],
    "t": [
      0.04048875034804715,
      0.016129847569719358,
      -0.04528882852944524
    ]
  },
  "bimanual_sweep_to_dustpan": {
    "R": [
      [
        0.9626858227292895,
        0.22334766693001354,
        0.15281304392279668
      ],
      [
        -0.24975370221367027,
        0.9506886007356521,
        0.18388657553462998
      ],
      [
        -0.10420698127571003,
        -0.21519062272368558,
        0.970996344455115
      ]
    ],
    "t": [
      -0.04960104372054596,
      0.005711864640024003,
      0.01871867045522209
    ]
  },
  "bimanual_take_tray_out_of_oven": {
    "R": [
      [
        0.9960585445148183,
        -0.08266525039245343,
        -0.03215326230065079
      ],
      [
        0.087779182056011,
        0.9707395890300327,
        0.22351614144705734
      ],
      [
        0.012735426832232555,
        -0.22545754959050773,
        0.9741697502160722
      ]
    ],
    "t": [
      -0.0028035747428938537,
      -0.011982936100475537,
      -0.008137453840091312
    ]
  }
}