{
  "cameras": ["front", "wrist_left", "wrist_right"],
  "levels": {
    "small": {
      "_comment": "~0.5 deg rotation, ~1mm translation. Point error ~6mm at 0.7m range.",
      "front": {
        "axis_angle_rad": [0.005236, -0.001457, 0.006827],
        "translation_m": [0.001523, -0.000234, -0.000234]
      },
      "wrist_left": {
        "axis_angle_rad": [0.007583, 0.003685, -0.002254],
        "translation_m": [0.000543, -0.000463, -0.000466]
      },
      "wrist_right": {
        "axis_angle_rad": [0.000816, -0.006453, -0.005818],
        "translation_m": [-0.000562, -0.001013, 0.000314]
      }
    },
    "medium": {
      "_comment": "~2 deg rotation, ~5mm translation. Point error ~25mm at 0.7m range.",
      "front": {
        "axis_angle_rad": [-0.014222, -0.022120, 0.022955],
        "translation_m": [-0.001129, 0.000338, -0.007124]
      },
      "wrist_left": {
        "axis_angle_rad": [-0.014868, 0.003030, -0.031436],
        "translation_m": [0.001878, -0.003003, -0.001458]
      },
      "wrist_right": {
        "axis_angle_rad": [-0.010784, 0.033198, -0.000242],
        "translation_m": [-0.005289, 0.004113, -0.006104]
      }
    },
    "large": {
      "_comment": "~5 deg rotation, ~10mm translation. Point error ~65mm at 0.7m range.",
      "front": {
        "axis_angle_rad": [0.007669, -0.071959, -0.048771],
        "translation_m": [0.001969, 0.007385, 0.001714]
      },
      "wrist_left": {
        "axis_angle_rad": [-0.006669, -0.017364, -0.085261],
        "translation_m": [-0.007198, -0.004606, 0.010571]
      },
      "wrist_right": {
        "axis_angle_rad": [0.016429, -0.084294, 0.015495],
        "translation_m": [-0.003851, -0.006769, 0.006117]
      }
    }
  }
}
